,id,title,all_artists,popularity,release_date,danceability,energy,key,loudness,mode,acousticness,instrumentalness,liveness,valence,tempo,duration_ms,time_signature
0,3qT4bUD1MaWpGrTwcvguhb,Black Dog - Remaster,Led Zeppelin,73,1971-11-08,0.437,0.864,4,-7.842,0,0.396,0.0314,0.242,0.749,81.394,295387,4
1,08mG3Y1vljYA6bvDt4Wqkj,Back In Black,AC/DC,84,1980-07-25,0.31,0.7,9,-5.678,1,0.011,0.00965,0.0828,0.763,188.386,255493,4
2,6fybp4N6eW3bsFAvARxyVe,Ain't Talkin' 'Bout Love - 2015 Remaster,Van Halen,66,1978-02-10,0.518,0.938,8,-5.964,0,0.021,0.000305,0.288,0.71,139.138,227800,4
3,6ToM0uwxtPKo9CMpbPGYvM,Break on Through (To the Other Side),The Doors,71,1967-01-04,0.421,0.751,9,-9.584,1,0.2,0.0,0.17,0.789,89.839,145867,4
4,26fZwf1ImE4aUJ4XaqOkUg,No One Like You,Scorpions,65,1982-04-10,0.505,0.631,9,-10.433,0,0.0203,2.21e-05,0.141,0.835,118.178,237467,4
5,0YpmF3aZXOIuyi8itZbpkp,The Zoo,Scorpions,54,1980-03-31,0.462,0.704,0,-10.177,1,0.056,0.184,0.371,0.221,103.004,330533,4
6,0XIvZ82aDF7JiSi3ZE320u,Rock You Like A Hurricane,Scorpions,0,1984-05-04,0.482,0.601,7,-12.846,1,0.00853,0.000187,0.249,0.774,125.619,252493,4
7,78lgmZwycJ3nzsdgmPPGNx,Immigrant Song - Remaster,Led Zeppelin,77,1970,0.564,0.932,11,-10.068,1,0.013,0.169,0.349,0.619,112.937,146250,4
8,2fY6tqgrlrg1ky9fgs0t5u,Wanted Dead Or Alive,Bon Jovi,0,1986-01-01,0.257,0.803,7,-3.886,1,0.137,0.0156,0.297,0.294,150.818,308667,4
9,1a2iF9XymafjRk56q7oCxo,Pride and Joy,Stevie Ray Vaughan,66,1983,0.427,0.626,8,-11.821,1,0.0274,0.00395,0.106,0.743,126.877,219587,4
10,2jz6rWGqVCYsymwxGoaON4,Detroit Rock City,KISS,63,1978-01-01,0.546,0.9,5,-6.728,1,0.0421,4.57e-05,0.292,0.447,90.591,215933,4
11,40riOy7x9W7GXjyGp4pjAv,Hotel California - 2013 Remaster,Eagles,83,1976-12-08,0.579,0.508,2,-9.484,1,0.00574,0.000494,0.0575,0.609,147.125,391376,4
12,5MxNLUsfh7uzROypsoO5qe,Dream On,Aerosmith,79,1973-01-05,0.307,0.433,1,-10.057,1,0.388,9.08e-05,0.332,0.224,160.9,266960,4
13,5FVd6KXrgO9B3JPmC8OPst,Do I Wanna Know?,Arctic Monkeys,84,2013-09-09,0.548,0.532,5,-7.596,1,0.186,0.000263,0.217,0.405,85.03,272394,4
14,0RdUX4WE0fO30VnlUbDVL6,Still Loving You,Scorpions,73,2011-11-04,0.282,0.605,6,-4.916,0,0.0047,0.00144,0.103,0.0783,103.929,403453,4
15,4aVuWgvD0X63hcOCnZtNFA,Hold the Line,TOTO,77,1978-10-10,0.473,0.898,6,-4.797,0,0.00783,0.0618,0.173,0.808,96.556,235547,4
16,3IOQZRcEkplCXg6LofKqE9,Iron Man - 2012 - Remaster,Black Sabbath,65,1970-09-18,0.336,0.792,9,-10.875,1,0.00351,0.00175,0.0437,0.427,155.587,355304,4
17,14XWXWv5FoCbFzLksawpEe,Riders on the Storm,The Doors,73,1971-04-19,0.55,0.722,11,-11.729,0,0.25,0.0129,0.11,0.716,103.886,434720,4
18,69QHm3pustz01CJRwdo20z,Hells Bells,AC/DC,74,1980-07-25,0.389,0.873,4,-4.768,0,0.00532,0.0055,0.273,0.303,106.767,312293,4
19,0LN5gIsS5tQSmRzQrHSaTR,Eminence Front,The Who,58,1982-09-04,0.697,0.787,5,-9.695,0,0.232,0.587,0.0404,0.572,98.066,339107,4
20,2CJ9wTckMqRjjVVSLTs8QZ,God Of Thunder,KISS,50,1976-03-15,0.414,0.878,11,-6.157,1,0.272,0.000332,0.456,0.438,99.804,253840,4
21,2kkvB3RNRzwjFdGhaUA0tz,Layla,Derek & The Dominos,75,1970-11-01,0.404,0.902,1,-3.88,1,0.577,0.297,0.287,0.497,115.669,423840,4
22,0SPBrxOUEMIKugXR4bFhxs,Love Gun,KISS,61,1977-06-30,0.409,0.868,3,-6.236,0,0.0266,0.0357,0.276,0.704,147.211,198707,4
23,4BP3uh0hFLFRb5cjsgLqDh,Fortunate Son,Creedence Clearwater Revival,81,1969-11-02,0.64,0.663,0,-7.516,1,0.201,0.00806,0.152,0.663,132.77,140773,4
24,1Y373MqadDRtclJNdnUXVc,Paranoid - 2012 - Remaster,Black Sabbath,70,1970-09-18,0.412,0.658,4,-12.051,0,4.52e-05,0.000774,0.176,0.454,163.071,168406,4
25,7ccdHKNJny3oKblwIRgal4,N.I.B. - Live; 2000 Remaster,Black Sabbath,21,1982-12-01,0.354,0.881,3,-8.865,0,0.00772,0.841,0.538,0.305,112.29,309093,4
26,3KYiA4vq6RPO1dE2XROXd8,You Give Love A Bad Name,Bon Jovi,0,1986-01-01,0.537,0.959,0,-3.002,0,0.0704,1.8e-06,0.382,0.828,122.806,222707,4
27,6FRwDxXsvSasw0y2eDArsz,Sunshine Of Your Love,Cream,68,1967-11-02,0.684,0.481,2,-12.59,1,0.475,6.57e-05,0.118,0.784,115.078,250000,4
28,2b9lp5A6CqSzwOrBfAFhof,Crazy Train,Ozzy Osbourne,7,1980-09-20,0.453,0.905,9,-4.001,1,0.36,0.000569,0.26,0.474,137.571,296200,4
29,0hCB0YR03f6AmQaHbwWDe8,Whole Lotta Love - 1990 Remaster,Led Zeppelin,76,1969-10-22,0.412,0.902,9,-11.6,1,0.0484,0.131,0.405,0.422,89.74,333893,4
30,1tsOB58QHINgc2FEJylsLP,Foxey Lady,Jimi Hendrix,46,1997-09-16,0.494,0.838,4,-6.028,1,0.0613,0.26,0.405,0.558,98.019,198293,4
31,5uvosCdMlFdTXhoazkTI5R,Light My Fire,The Doors,71,1967-01-04,0.413,0.725,3,-5.787,0,0.369,2.16e-05,0.0905,0.44,124.618,429760,4
32,7BY005dacJkbO6EPiOh2wb,House Of The Rising Sun,The Animals,71,1964-01-01,0.295,0.584,9,-6.696,0,0.000385,0.218,0.0996,0.228,117.2,271280,3
33,7GVUmCP00eSsqc4tzj1sDD,Come and Get Your Love - Single Version,Redbone,76,1973-11-01,0.731,0.804,11,-7.621,0,0.172,0.00028,0.0685,0.957,107.383,205933,4
34,5BIMPccDwShpXq784RJlJp,Enter Sandman,Metallica,61,1991-08-12,0.579,0.824,6,-8.71,0,0.00206,0.00903,0.059,0.635,123.331,331573,4
35,2EqlS6tkEnglzr7tkKAAYD,Come Together - Remastered 2009,The Beatles,77,1969-09-26,0.533,0.376,9,-11.913,0,0.0302,0.248,0.0926,0.187,165.007,259947,4
36,319zpJMCzpz50Uz0PsjlJN,I Got Mine,The Black Keys,55,2008-04-01,0.252,0.827,9,-6.336,1,0.0292,0.508,0.173,0.475,157.725,239147,4
37,0C80GCp0mMuBzLf3EAXqxv,Shoot to Thrill,AC/DC,72,1980-07-25,0.457,0.904,2,-5.303,1,0.000239,0.0879,0.396,0.48,141.038,317427,4
38,2ZOTtG7v1OrSNs6EINIGb4,Black Betty,Ram Jam,66,1990-02-27,0.465,0.865,11,-9.573,0,0.018,0.00135,0.0769,0.677,117.528,237893,4
39,0wJoRiX5K5BxlqZTolB2LD,Purple Haze,Jimi Hendrix,71,1967-05-12,0.533,0.905,2,-5.27,1,0.00876,0.578,0.0698,0.486,108.9,170813,4
40,2aoo2jlRnM3A0NyLQqMN2f,All Along the Watchtower,Jimi Hendrix,77,1968-10-25,0.438,0.805,8,-6.237,1,0.00255,5.69e-05,0.0842,0.564,113.253,240800,4
41,66FSV5dLK5sNLZ00IfHxfD,Bad Moon Rising,Creedence Clearwater Revival,0,1969-08-03,0.641,0.774,2,-5.916,1,0.0543,1.05e-05,0.0473,0.942,89.787,141600,4
42,5Okf7KBikV8we3uqCMFjiL,Doctor Doctor - 2007 Remaster,UFO,62,1974-01-01,0.298,0.799,2,-6.962,0,0.000168,9.42e-05,0.496,0.561,143.072,252453,4
43,07q0QVgO56EorrSGHC48y3,I Was Made For Lovin' You,KISS,81,1979-03-23,0.768,0.852,4,-6.215,1,0.214,7.36e-05,0.0723,0.867,128.373,271240,4
44,0sZy1HE2aGBQABHfVRQ4jB,Apache,The Shadows,58,1987-10-05,0.595,0.451,9,-12.987,0,0.0106,0.929,0.0962,0.779,133.673,174187,4
45,1RJeiAIwR9pZBgJA8ndZLL,"Paint It, Black - Mono",The Rolling Stones,66,1966-01-01,0.505,0.836,5,-7.384,0,0.0103,0.0771,0.295,0.764,159.669,204480,4
46,6J0AjzrYsPZrQtw6IjErhy,Run Through The Jungle,Creedence Clearwater Revival,66,1970-07-25,0.641,0.612,2,-8.307,1,0.0474,0.0588,0.102,0.854,136.413,184747,4
47,75wP08AtMfGfjk0nPdvVw3,Runnin' Down A Dream,Tom Petty and the Heartbreakers,0,2000-01-01,0.467,0.955,9,-6.043,1,0.00072,0.426,0.494,0.68,169.776,264333,4
48,6SfdV4WqHr0RWhLVR8cxVm,Green River,Creedence Clearwater Revival,0,1988-01-01,0.62,0.835,4,-8.36,1,0.00404,7.62e-05,0.081,0.969,141.422,152640,4
49,7i6r9KotUPQg3ozKKgEPIN,Seven Nation Army,The White Stripes,6,2003-04-01,0.726,0.463,0,-7.828,1,0.00817,0.447,0.255,0.321,123.881,231733,4
50,4gMgiXfqyzZLMhsksGmbQV,"Another Brick in the Wall, Pt. 2",Pink Floyd,75,1979-11-30,0.693,0.394,0,-15.882,1,0.0782,0.000694,0.247,0.721,104.114,238747,4
51,5SZ6zX4rOrEQferfFC2MfP,Walk This Way,Aerosmith,74,1975-04-08,0.653,0.73,5,-10.613,1,0.0114,1.03e-05,0.0754,0.894,108.705,220400,4
52,4K5VK3eLs1uUGCSwYUfQV3,Have You Ever Seen The Rain,Creedence Clearwater Revival,0,1970-12-07,0.797,0.601,0,-7.106,1,0.165,0.000251,0.158,0.888,116.038,158533,4
53,6L5BZEcZmD6RBJnimzlyKr,Nights In White Satin - Single Version / Mono,The Moody Blues,70,1967-11-10,0.195,0.483,4,-4.991,0,0.465,0.497,0.0686,0.173,84.71,269107,4
54,10igKaIKsSB6ZnWxPxPvKO,Nothing Else Matters,Metallica,56,1991-08-12,0.558,0.364,4,-11.258,0,0.0505,5.02e-06,0.0753,0.17,142.171,388733,3
55,2rd9ETlulTbz6BYZcdvIE1,War Pigs / Luke's Wall - 2012 - Remaster,Black Sabbath,64,1970-09-18,0.332,0.623,9,-12.363,1,0.222,0.000895,0.278,0.413,183.097,474360,4
56,6FsQrRpBLgsrFeAeiQqytm,Bang a Gong (Get It On) - 2003 Remaster,T. Rex,62,1971-09-24,0.729,0.818,2,-9.992,1,0.157,0.284,0.195,0.906,125.814,267000,4
57,2nVHqZbOGkKWzlcy1aMbE7,Kashmir - 1990 Remaster,Led Zeppelin,10,1975-02-24,0.48,0.536,2,-11.166,1,0.488,4.22e-05,0.155,0.581,80.617,508200,3
58,0QwZfbw26QeUoIy82Z2jYp,Good Times Bad Times - 1993 Remaster,Led Zeppelin,67,1969-01-12,0.476,0.717,9,-9.192,1,0.0382,7.61e-05,0.0818,0.753,93.584,166267,4
59,5rQPkBBA2HO8hh9KtufPPo,Rumble,Link Wray,16,1958,0.536,0.588,4,-10.904,1,0.351,0.00142,0.74,0.692,85.176,147865,4
60,47Zqlw3jmibtVPy8usPjBj,Unchained (The Payback / Untouchable),2Pac,59,2012-01-01,0.563,0.917,8,-4.753,1,0.128,8.47e-06,0.404,0.573,92.074,171573,4
61,3evG0BIqEFMMP7lVJh1cSf,Don't Let Me Down - Remastered 2009,The Beatles,67,1973-04-02,0.593,0.289,4,-11.049,1,0.568,0.000829,0.0928,0.733,77.119,215733,4
62,2Mr1bGI2E10K7Mt1UJZ6Mw,Boom Boom,John Lee Hooker,61,1962-01-01,0.441,0.455,10,-14.207,1,0.62,0.00187,0.135,0.918,160.9,152351,4
63,5clz8BOBulxx7q2yHxqOCk,Children of the Grave - 2014 Remaster,Black Sabbath,57,1971-07-21,0.318,0.65,6,-13.928,1,0.0802,0.132,0.0962,0.368,149.994,317206,4
64,3K2KSafiK1to517id5CoPr,The Ocean - 1990 Remaster,Led Zeppelin,2,1973-03-28,0.443,0.555,4,-9.303,0,0.0533,0.024,0.311,0.755,87.982,271027,4
65,49C6EGQhCUSgyADHYvJ7ez,Living Loving Maid (She's Just a Woman) - Remaster,Led Zeppelin,49,1969-10-22,0.475,0.808,9,-8.859,1,0.000942,7.97e-06,0.146,0.896,152.098,159301,4
66,1Jmqubf9kGkWeYQXQKImL5,People Are Strange,The Doors,72,1967-09-25,0.699,0.467,4,-8.578,0,0.685,0.0,0.315,0.764,119.287,130173,4
67,0Y2SrByf4G3kbq2nBEHQRn,Spirit in the Sky,Norman Greenbaum,3,1979,0.601,0.643,2,-5.828,1,0.112,0.00209,0.088,0.552,128.262,239600,4
68,5UwbnHhjnbinJH8TefuQfN,Long Cool Woman (In a Black Dress) - 1999 Remaster,The Hollies,65,1971-10-08,0.757,0.868,9,-9.326,1,0.411,0.00221,0.355,0.815,138.923,199200,4
69,4eXGF4fOubY0IhWieQ0OoF,Rock Of Ages,Def Leppard,44,1983-01-20,0.706,0.785,11,-7.666,0,0.00802,0.0319,0.195,0.636,105.893,247829,4
70,2PzU4IB8Dr6mxV3lHuaG34,(I Can't Get No) Satisfaction - Mono Version,The Rolling Stones,77,1965-07-30,0.723,0.863,2,-7.89,1,0.0383,0.0317,0.128,0.931,136.302,222813,4
71,3Jl5GohfNwozDmpzmQBLDI,Heaven and Hell - 2008 Remaster,Black Sabbath,56,1980-04-25,0.329,0.673,3,-8.465,0,0.0239,0.109,0.138,0.323,91.122,419933,4
72,51YZAJhOwIC5Gg3jMbAmhZ,For Whom The Bell Tolls (Remastered),Metallica,67,1984-07-27,0.512,0.86,0,-6.145,1,0.00631,0.00528,0.0652,0.258,117.909,309973,4
73,7yn7rpRvg6XCq10B94etIp,Black Night,Deep Purple,42,2000-05-09,0.497,0.787,9,-11.039,1,0.165,0.522,0.17,0.812,134.598,207467,4
74,0ja1dJM5gBTjk5U9wsMP9r,Moonlight Drive,The Doors,50,1967-09-25,0.611,0.734,2,-6.686,1,0.605,0.0,0.0892,0.82,113.266,181347,4
75,2AT8iROs4FQueDv2c8q2KE,R U Mine?,Arctic Monkeys,79,2013-09-09,0.288,0.758,6,-5.692,0,0.00616,0.0,0.303,0.619,97.094,201726,4
76,7pKfPomDEeI4TPT6EOYjn9,Imagine - Remastered 2010,John Lennon,77,1971-09-09,0.547,0.257,0,-12.358,1,0.907,0.183,0.0935,0.169,75.752,187867,4
77,1Q5kgpp4pmyGqPwNBzkSrw,Roadhouse Blues,The Doors,70,1970-02-09,0.623,0.633,9,-8.212,1,0.336,4.6e-05,0.147,0.895,121.119,243827,4
78,3lN8PP6R2IxbLP05QpYXng,Born To Be Wild - Single Version,Steppenwolf,67,1968-01-01,0.439,0.734,2,-12.168,1,0.262,0.333,0.244,0.54,145.703,212893,4
79,7GonnnalI2s19OCQO1J7Tf,Kickstart My Heart,Mötley Crüe,77,1989,0.359,0.981,7,-3.622,0,0.00125,0.00236,0.284,0.271,178.98,282653,4
80,1hqrYSqvNc9x3BETX1cZhk,Shout At The Devil,Mötley Crüe,66,1983,0.489,0.953,0,-4.615,1,0.02,0.00021,0.113,0.447,94.443,195853,4
81,2WaDEHl6iVV11n1zU9NEEQ,Live Wire,Mötley Crüe,46,2019-03-22,0.418,0.873,7,-8.219,0,9.94e-05,5.8e-06,0.543,0.69,112.297,194387,4
82,10MO1pApr5ItgeiyVgOgRI,Take Me To The Top,Mötley Crüe,48,2019-03-22,0.299,0.785,3,-8.354,1,3.21e-06,0.215,0.115,0.582,149.099,223773,1
83,6WE7jSshLCuVKoCmobVKVf,Heartbreaker - 1990 Remaster,Led Zeppelin,63,1969-10-22,0.403,0.709,9,-9.366,1,0.0746,0.494,0.132,0.654,97.161,254133,4
84,29SyMC0plk6qw8NMF7lfRL,You Really Got Me - Mono Mix,The Kinks,71,1964-10-02,0.573,0.939,8,-6.441,1,0.493,0.0,0.0994,0.963,137.382,134253,4
85,3RTUfvRgq3pYTf7XY0FIcS,Lookin' Out My Back Door,Creedence Clearwater Revival,68,1970-07-25,0.745,0.656,10,-6.393,1,0.188,0.00337,0.0941,0.858,105.318,152453,4
86,3vO2BbrhKNV2PDl276BUIZ,Cotton Fields,Creedence Clearwater Revival,65,1969-11-02,0.582,0.641,9,-7.621,1,0.237,0.0,0.132,0.86,148.634,177267,4
87,2EZc13S7YRi6bTS3SKteRN,Proud Mary,Creedence Clearwater Revival,61,1969-01-05,0.72,0.391,2,-16.595,1,0.163,8.29e-05,0.046,0.786,120.794,187227,4
88,2kWowW0k4oFymhkr7LmvzO,Come with Me Now,KONGOS,67,2014-01-27,0.654,0.726,10,-3.803,0,0.0311,6.35e-05,0.0618,0.728,103.987,211960,4
89,1aWvwbR5saWdou5XmuYHBT,Steppin' Out - Live,Cream,18,1972-03-01,0.31,0.868,5,-12.57,1,0.0914,0.73,0.981,0.438,106.715,818507,4
90,4vO9dmzNRqDhFY3jD1a3P7,Mississippi Queen,Mountain,69,1970,0.581,0.624,9,-8.346,1,0.0987,0.0,0.0411,0.637,139.714,151293,4
91,1YHIX390WgL6fPmhZ1dLGz,Doom And Gloom - Jeff Bhasker Mix,The Rolling Stones,48,2012-01-01,0.593,0.804,0,-5.228,1,0.000826,0.00997,0.0771,0.67,131.656,247175,4
92,5CGpPUcUahMuLzkNK9ZgPP,Dear Mr. Fantasy,Traffic,62,1967-12-08,0.24,0.615,2,-14.117,1,0.171,0.0125,0.0801,0.768,166.657,334000,4
93,4YMQXzscifAREG0a7KNGhB,Black Magic Woman - Single Version,Santana,67,1969,0.489,0.349,2,-14.295,0,0.676,0.0789,0.0866,0.622,124.348,196467,4
94,5qm0KiVKMXW1kq6VrnIhz5,Cliffs Of Dover - Instrumental,Eric Johnson,60,1990,0.449,0.775,7,-12.029,1,0.162,0.149,0.248,0.313,94.907,249768,4
95,6pWvauh3ksqTynfxV2WyIb,Sin's A Good Man's Brother - Remastered,Grand Funk Railroad,40,1970,0.338,0.726,9,-6.804,1,0.00774,0.0821,0.169,0.157,85.397,291178,4
96,5B3Zj2prDQT1VrYxXCzQg3,Since I've Been Loving You - Remaster,Led Zeppelin,43,1970-10-05,0.393,0.364,5,-10.945,0,0.0021,0.0703,0.121,0.308,118.566,444148,3
97,6hu1f1cXSw7OAqhpSQ2zDy,Dazed and Confused - 1990 Remaster,Led Zeppelin,62,1969-01-12,0.271,0.553,2,-9.526,1,0.044,0.0096,0.0999,0.433,86.762,386373,3
98,5VBzIn9cBH4BNa1c6Zilba,How Many More Times - 1993 Remaster,Led Zeppelin,53,1969-01-12,0.322,0.68,9,-11.349,1,0.114,0.0245,0.434,0.518,142.748,508000,4
99,5bUlFE9dGh7pX93PUEVAue,Born On The Bayou,Creedence Clearwater Revival,59,1969-01-05,0.678,0.386,9,-15.991,1,0.0686,0.109,0.108,0.552,117.303,314667,4
100,4yqtwO7MQIIXqoiRBPHAgR,Money for Nothing,Dire Straits,63,1985-05-13,0.667,0.655,2,-9.339,0,0.0491,0.000894,0.0641,0.657,134.212,506400,4
101,3VbGCXWRiouAq8VyMYN2MI,Love Me Do - Remastered 2009,The Beatles,67,1963-03-22,0.52,0.829,0,-6.228,1,0.386,6.2e-05,0.227,0.744,147.997,141693,4
102,4VNvzf9nHWAZBHAJxfzVcy,Rusty Cage,Johnny Cash,55,1996-01-01,0.543,0.723,2,-5.889,1,0.594,0.00316,0.314,0.496,112.061,168400,4
103,6RFkVsPmrM4pzlDkFswwJl,God's Gonna Cut You Down,Johnny Cash,64,2006-01-01,0.617,0.485,5,-8.227,0,0.868,3.44e-05,0.115,0.845,82.228,158573,4
104,5UgT7w6zVZjP3oyawMzbiK,The End,The Doors,60,1967-01-04,0.347,0.302,0,-12.104,1,0.163,9.17e-05,0.14,0.0332,105.702,703373,4
105,2gE95JskwQ1pCACTpGe1Db,Down On The Corner,Creedence Clearwater Revival,72,1969-11-02,0.858,0.544,0,-9.289,1,0.583,0.00109,0.0707,0.874,108.217,166280,4
106,4vfn3XHZZNANjHJQusRDiL,The Boogieman Surprise,Hollywood Vampires,17,2019-06-21,0.433,0.944,9,-3.142,1,0.00939,0.0305,0.58,0.45,139.936,218267,4
107,4PRGxHpCpF2yoOHYKQIEwD,Rock and Roll - Remaster,Led Zeppelin,70,1971-11-08,0.317,0.887,9,-7.292,1,0.000582,0.00258,0.0891,0.871,169.613,220561,4
108,1Ud6moTC0KyXMq1Oxfien0,Sympathy For The Devil - 50th Anniversary Edition,The Rolling Stones,75,1968-12-06,0.702,0.668,9,-9.237,1,0.518,0.0,0.0588,0.561,116.063,378147,4
109,5SAUIWdZ04OxYfJFDchC7S,Smoke on the Water,Deep Purple,63,1972-03-25,0.632,0.586,0,-11.333,1,0.0983,0.581,0.0535,0.89,114.243,342173,4
110,1OOtq8tRnDM8kG2gqUPjAj,Beat It,Michael Jackson,81,1982-11-30,0.779,0.867,3,-3.704,0,0.0491,7.98e-06,0.197,0.915,138.858,258040,4
111,4fQMGlCawbTkH9yPPZ49kP,Green Onions,Booker T. & the M.G.'s,69,1962,0.816,0.514,10,-8.741,1,0.767,0.949,0.0899,0.912,136.837,176333,4
112,6PmckFG2BhEELc5OM7O7DS,Black Diamond,KISS,47,1974-02-18,0.354,0.62,8,-9.632,0,0.0833,0.00797,0.0832,0.184,132.526,314027,4
113,79EQt03ze9Pr9tAVc2lm5P,Deuce,KISS,49,1974-02-18,0.44,0.879,6,-7.023,1,0.00356,0.701,0.294,0.599,127.686,186200,4
114,7wL9EVloIobMw22rT7Ve8x,Man in Black,Johnny Cash,57,1971-05-26,0.676,0.58,5,-14.217,1,0.589,0.000145,0.218,0.89,95.358,172987,4
115,5G1sTBGbZT5o4PNRc75RKI,Lonely Boy,The Black Keys,73,2011-12-06,0.356,0.872,2,-7.837,1,0.00417,0.00975,0.0997,0.607,166.3,193653,4
116,0grFc6klR3hxoHLcgCYsF4,Howlin' for You,The Black Keys,66,2010-05-18,0.705,0.735,11,-6.646,1,0.028,0.0783,0.112,0.448,132.627,191800,4
117,2MVwrvjmcdt4MsYYLCYMt8,Tighten Up,The Black Keys,62,2010-05-18,0.504,0.705,6,-6.179,0,0.00121,4.12e-06,0.453,0.567,108.965,211080,4
118,3I1vEQhGwRK7URrTq4BqNl,(Ghost) Riders in the Sky,Johnny Cash,63,1979-05-01,0.572,0.668,10,-9.382,0,0.355,0.0379,0.223,0.56,109.511,224813,4
119,6zGDIDjfDkPyNxrEERO3XG,Tush - 2006 Remaster,ZZ Top,66,1975-04-18,0.58,0.885,0,-5.154,0,0.1,0.00157,0.146,0.788,145.405,137933,4
120,4D3Twi99sdqxesC68XAPf5,I'd Love To Change The World,Ten Years After,11,2002-01-01,0.382,0.497,4,-11.815,0,0.117,0.233,0.11,0.391,117.446,224027,4
121,3ewe5Rosw1sZaqaLihwj6R,Bootleg,Creedence Clearwater Revival,42,1969-01-05,0.723,0.468,2,-17.212,1,0.0182,0.000144,0.0591,0.612,146.582,180773,4
122,3MODES4TNtygekLl146Dxd,Ramble On - 1990 Remaster,Led Zeppelin,70,1969-10-22,0.468,0.607,9,-11.367,1,0.072,0.000852,0.225,0.886,98.429,263333,4
123,0h2gzJQBt6duqZD6kWiz4s,Moby Dick,Led Zeppelin,50,1969-10-22,0.492,0.446,7,-17.181,1,0.025,0.874,0.566,0.356,112.818,260960,4
124,6cr6UDpkjEaMQ80OjWqEBQ,Sultans of Swing,Dire Straits,67,1978-10-07,0.73,0.868,5,-7.325,1,0.0632,0.0661,0.318,0.923,148.217,350400,4
125,5J2CHimS7dWYMImCHkEFaJ,A Hard Day's Night - Remastered 2009,The Beatles,67,1964-07-10,0.59,0.805,0,-6.481,1,0.137,0.0,0.0996,0.797,138.514,154200,4
126,5tmrnhMxx39jnu3kjopMdP,Evil Ways,Santana,61,1969,0.704,0.528,5,-13.382,1,0.22,0.35,0.14,0.73,117.472,238267,4
127,5uuJruktM9fMdN9Va0DUMl,Play That Funky Music,Wild Cherry,70,1976,0.814,0.672,9,-12.068,1,0.0435,0.0,0.061,0.933,109.394,300000,4
128,09WwiYUSVbzHIvujxvhkNb,Ace Of Spades,Link Wray & His Ray Men,5,2019-12-13,0.458,0.74,8,-7.943,1,0.215,0.704,0.105,0.712,75.605,138773,4
129,0yVs7eSL8mPnIu2CGKHpUQ,Communication Breakdown - 1990 Remaster,Led Zeppelin,50,1969-01-12,0.399,0.946,2,-6.998,1,0.0572,6.77e-06,0.73,0.447,175.009,147933,4
130,6gXrEUzibufX9xYPk3HD5p,Life in the Fast Lane - 2013 Remaster,Eagles,72,1976-12-08,0.667,0.755,9,-7.246,1,0.0966,6.94e-05,0.0523,0.883,109.535,286220,4
131,3ykSdTGmYPFl8pDBXer1zG,Cocaine,Eric Clapton,66,1977-11-01,0.699,0.502,9,-12.526,1,0.0607,0.0337,0.317,0.676,105.266,221640,4
132,2bzgKuK3pVez40qUvo8sYr,Heartache Tonight - 2013 Remaster,Eagles,61,1979,0.81,0.511,0,-6.454,1,0.0778,0.000226,0.0714,0.858,113.153,265678,4
133,7N3PAbqfTjSEU1edb2tY8j,Jump - 2015 Remaster,Van Halen,78,1984-01-04,0.572,0.835,0,-6.219,1,0.171,0.000377,0.0702,0.795,129.981,241600,4
134,05RgAMGypEvqhNs5hPCbMS,Panama - 2015 Remaster,Van Halen,73,1984-01-04,0.526,0.978,8,-5.436,1,0.00122,4.75e-05,0.0744,0.451,141.167,210227,4
135,3KhF2YiNpJvGpfiCW45R6D,Runnin' with the Devil - 2015 Remaster,Van Halen,70,1978-02-10,0.472,0.9,8,-6.406,0,0.148,0.000297,0.34,0.42,95.826,214960,4
136,12HgA2llEiYIwkDWJTfIse,Tobacco Road (La Calle del Tabaco),David Lee Roth,38,1986,0.445,0.655,9,-12.386,0,0.015,1.81e-06,0.291,0.732,139.454,149733,4
137,7a9B6AGbsyJ7ihroI5Ntur,I Love It Loud,KISS,37,1982-10-13,0.413,0.897,5,-6.406,0,0.000416,1.96e-06,0.0809,0.263,170.831,255427,4
138,5RaXQF86U71nenpwo2yjdz,Parasite,KISS,37,1974-10-22,0.391,0.736,11,-8.295,1,0.00319,0.788,0.188,0.55,123.475,182093,4
139,5QTxFnGygVM4jFQiBovmRo,(Don't Fear) The Reaper,Blue Öyster Cult,76,1976,0.333,0.927,9,-8.55,0,0.0029,0.000208,0.297,0.385,141.466,308120,4
140,0upLyFR8Rr52ZpMp5esQoq,You Really Got Me - 2015 Remaster,Van Halen,67,1978-02-10,0.454,0.946,1,-5.978,0,0.0223,0.0,0.173,0.647,138.18,156147,4
141,0xIZPPBfLqQEAj1BLmGrNc,Black Sabbath - 2014 Remaster,Black Sabbath,50,1970-02-13,0.317,0.431,2,-14.338,1,0.0467,0.0457,0.239,0.133,132.652,378227,4
142,6XzfupaB5ikgUMnrFgJBvS,Atomic Punk - 2015 Remaster,Van Halen,47,1978-02-10,0.416,0.993,6,-6.354,1,0.0131,0.000633,0.589,0.263,100.364,179613,4
143,4QkvD53COA5qLA7rQ1Pa7D,Nobody But Me,The Human Beinz,54,1968-01-01,0.568,0.75,2,-8.913,1,0.0731,0.0,0.121,0.407,75.82,140440,4
144,4SDywo3ykB2PEthjXvo1UP,I Put A Spell On You,Creedence Clearwater Revival,61,1968-07-05,0.391,0.732,4,-8.188,0,0.00471,0.121,0.0979,0.622,100.354,271787,4
145,4KfSdst7rW39C0sfhArdrz,Barracuda,Heart,74,1977-05-14,0.548,0.691,4,-13.553,0,0.015,0.106,0.144,0.667,137.145,261933,4
146,2olVm1lHicpveMAo4AUDRB,The Power Of Love,Huey Lewis & The News,74,2006-01-01,0.768,0.829,5,-5.109,1,0.0964,2.92e-05,0.097,0.962,118.773,234333,4
147,1gcESexgftSuLuML57Y69q,All Right Now,Free,70,1970-06-26,0.787,0.472,2,-12.824,1,0.221,0.000336,0.153,0.824,120.059,330643,4
148,2HUZVffVPXvqnrml0gXggp,Smokestack Lightnin',Howlin' Wolf,61,1958-03-01,0.661,0.342,9,-16.361,0,0.844,0.000128,0.26,0.588,146.118,188400,4
149,36gPq8WG7tDxrblyGVUCiT,Up Around The Bend,Creedence Clearwater Revival,70,1970-07-25,0.589,0.85,2,-6.143,1,0.0606,0.779,0.274,0.813,130.318,161467,4
150,05f8Hg3RSfiPSCBQOtxl3i,When the Levee Breaks - Remaster,Led Zeppelin,64,1971-11-08,0.271,0.766,5,-8.03,1,0.00217,0.52,0.0707,0.803,142.914,428851,4
151,2xiOdusRnZezQok1RgLNeS,"You Should Be Dancing - Edit / From ""Saturday Night Fever"" Soundtrack",Bee Gees,68,1976-01-01,0.681,0.716,0,-10.911,1,0.0182,0.17,0.337,0.963,123.009,256493,4
152,6nEkxYIEnrbYH7h1hJ8Xn6,She Loves You - Mono / Remastered,The Beatles,66,2000-11-13,0.377,0.916,4,-3.199,0,0.26,0.0,0.074,0.912,75.533,140920,4
153,3WEkBbIGPYrvwFnsj2KSBj,Rock 'n' Roll (Part 2),Gary Glitter,0,1973,0.71,0.314,11,-10.666,0,0.000292,0.785,0.0857,0.401,129.124,193253,4
154,3lW0MLws0srqqR3DRRPLZp,Eruption,Van Halen,48,1996-09-24,0.149,0.757,8,-7.53,1,0.457,0.858,0.341,0.521,80.235,102573,4
155,3gwRWIbr5ycEVLIAXrWaw7,I've Got A Feeling - Remastered 2009,The Beatles,54,1970-05-08,0.44,0.609,2,-8.824,1,0.0715,0.0,0.582,0.364,165.156,217560,4
156,0Z3xhSOhrawLV81YdiDiiJ,Venus,Shocking Blue,65,1969,0.691,0.762,11,-6.47,0,0.462,0.0286,0.0804,0.957,128.111,187533,4
157,7mQgJx5mfCuI6o8elrYCKg,Electric Worry,Clutch,53,2007,0.377,0.813,0,-4.231,1,0.0171,0.114,0.323,0.265,165.012,314747,4
158,2VZjL5jaXDeL4xZxu4Uf8Y,Oye Como Va - Live,Santana,31,1993-01-01,0.555,0.861,7,-9.25,1,0.507,0.474,0.942,0.79,133.293,309000,4
159,1JO1xLtVc8mWhIoE3YaCL0,Happy Together,The Turtles,74,1967,0.584,0.367,6,-9.638,0,0.55,1.38e-05,0.0818,0.588,120.175,176293,4
160,0HHIbFhmTXsIzz2VUmkH96,I Heard It Through The Grapevine,Creedence Clearwater Revival,50,1970-07-25,0.625,0.835,9,-6.476,0,0.0831,0.0842,0.0999,0.876,118.641,662773,4
161,0ajsuFRsM3KG8TDElL22FQ,Keep On Chooglin',Creedence Clearwater Revival,44,1969-01-05,0.496,0.273,4,-18.811,1,0.022,0.185,0.141,0.227,82.947,460467,4
162,29b2b96jozyD9GPCkOrVLs,Day Tripper - Remastered 2015,The Beatles,64,2000-11-13,0.665,0.782,6,-8.438,0,0.12,4.19e-06,0.125,0.731,137.453,169000,4
163,24NwBd5vZ2CK8VOQVnqdxr,Sweet Emotion,Aerosmith,73,1975-04-08,0.38,0.76,9,-10.961,1,0.00298,0.0294,0.104,0.491,99.437,274133,4
164,7ecVrUYlhj6OrKTAK0oDzo,The Girl I Love She Got Long Black Wavy Hair - Live on Tasty Pop Sundae from BBC Sessions;Remaster,Led Zeppelin,52,2016-09-16,0.264,0.609,9,-10.992,0,0.111,0.311,0.322,0.862,185.875,183227,4
165,4BYmnYGNVBVm2JHVxFNMXj,The House Is Rockin',Stevie Ray Vaughan,53,1989-06-06,0.336,0.909,4,-11.019,1,0.204,0.0211,0.333,0.956,172.162,143227,4
166,0rXcAvuQdrQakSPhIOZ6f8,The Sky Is Crying - 1984 Version,Stevie Ray Vaughan,48,1984,0.248,0.431,6,-11.074,0,0.0051,0.137,0.294,0.581,182.001,250867,3
167,2Q5wSOwq6BDSu7sSVMNrtT,Rock Lobster,The B-52's,59,1979-07-11,0.592,0.882,8,-8.315,1,0.00884,0.0155,0.0506,0.442,92.157,409400,4
168,7qK3JFriCqLorQivsJYG2X,Stayin Alive,Bee Gees,54,2009-11-03,0.703,0.831,10,-7.225,0,0.0328,0.00839,0.218,0.949,103.573,283147,4
169,6JRLFiX9NJSoRRKxowlBYr,Is This Love,Bob Marley & The Wailers,74,1978,0.776,0.559,6,-8.375,0,0.11,0.0,0.0671,0.758,122.242,232200,4
170,3SdTKo2uVsxFblQjpScoHy,Stand by Me,Ben E. King,78,1962-08-20,0.65,0.306,9,-9.443,1,0.57,7.07e-06,0.0707,0.605,118.068,180056,4
171,7iN1s7xHE4ifF5povM6A48,Let It Be - Remastered 2009,The Beatles,77,1970-05-08,0.443,0.403,0,-8.339,1,0.631,0.0,0.111,0.41,143.462,243027,4
172,5KqldkCunQ2rWxruMEtGh0,The Gambler,Kenny Rogers,74,1978-11-20,0.671,0.501,4,-13.119,1,0.342,0.0,0.194,0.86,87.04,214880,4
173,4OaTSHT0NYViNOgjpIAXpv,Superstition - Live,Stevie Ray Vaughan,41,2002-08-27,0.481,0.861,1,-9.719,1,0.00288,0.485,0.912,0.833,103.154,280827,4
174,74gVVACEjko2IKEESbxkNg,Voodoo Chile - Live,Stevie Ray Vaughan,12,1989-11-28,0.315,0.645,8,-14.621,1,0.000115,0.854,0.925,0.518,101.743,693107,4
175,5tN0LIuQDapSFedlYJuG0k,Kate McCannon,Colter Wall,65,2017-05-12,0.608,0.171,7,-16.822,1,0.915,0.188,0.111,0.3,142.827,274081,4
176,1Rvl8qsKJurfFTyWLBI9ib,"Baby, I Love Your Way",Tom Lord-Alge,68,1994,0.651,0.747,1,-7.269,0,0.0528,0.0,0.207,0.776,147.518,249520,4
177,7GqIDx2QVGOpd4r1fZaUUW,25 or 6 to 4 - 2002 Remaster,Chicago,65,1970-01-26,0.604,0.905,4,-7.059,0,0.309,0.0632,0.0837,0.723,147.448,289800,4
178,3yDEadQDdmdxYBOeMX6bDW,The Spy,The Doors,48,1970-02-09,0.472,0.402,2,-10.242,1,0.215,0.00173,0.0976,0.531,80.632,255600,4
179,2f0P7iELCvAlV8j6Z3rGDE,Stranglehold,Ted Nugent,68,1975,0.484,0.711,2,-7.784,1,0.0183,0.173,0.0941,0.49,148.189,503067,4
180,6fHS0zmDdDKktklfaqojaF,Unchained - 2015 Remaster,Van Halen,56,1981-05-06,0.528,0.875,1,-5.912,1,0.0145,0.0,0.138,0.479,136.83,209206,4
181,0zwMBwxamjDA8mTvjDARCc,Long Black Road,Electric Light Orchestra,43,2013-12-09,0.604,0.623,9,-5.539,1,0.567,0.0186,0.192,0.749,79.881,199773,4
182,5DSSkRV0lMsXJSZQFiN26N,Walking On The Water,Creedence Clearwater Revival,48,1968-07-05,0.407,0.735,2,-8.592,1,0.000665,0.578,0.231,0.458,124.612,278933,4
183,52KvuGmgcgRdrLMXOtda0E,The Stroke - Remastered,Billy Squier,68,1981,0.67,0.591,7,-6.012,1,0.62,0.0,0.373,0.8,91.439,217613,4
184,6DmfWj5kOa1fX8AwN9byOn,L.A. Woman,The Doors,66,1971-04-19,0.354,0.731,2,-9.178,1,0.0812,0.00124,0.115,0.697,170.633,471160,4
185,4MYb7NWLwXNDB7bYs3HeX8,Slow Ride,Foghat,67,1975,0.493,0.586,2,-13.916,1,0.0202,0.00106,0.102,0.656,113.618,232533,4
186,5MXXbGYNmRHR7ULMvZYo5R,Every 1's a Winner - Single Version,Hot Chocolate,60,1978,0.727,0.548,10,-7.393,1,0.0621,0.516,0.133,0.929,107.826,289267,4
187,5WUgOOaTk00PnksDekcgcg,"Baby, Please Don't Go (feat. Van Morrison)",Van Morrison,58,2015-12-04,0.72,0.705,5,-6.82,1,0.506,1.12e-06,0.147,0.775,106.332,162293,4
188,0HUp7ipIDJvITTqizN6cxJ,Be-Bop-A-Lula,Gene Vincent & His Blue Caps,46,2004-02-07,0.593,0.537,9,-10.906,1,0.414,0.0,0.147,0.843,126.071,156307,4
189,4e0GkgtMPZFt41Ua8PlHQL,Soul Sacrifice,Santana,50,1969,0.494,0.706,7,-14.34,1,0.522,0.894,0.154,0.486,135.752,397333,4
190,1tBMs9Rmw3UMvPJrsXsUyL,Queen of the Highway,The Doors,47,1970-02-09,0.661,0.595,5,-9.582,0,0.605,0.000667,0.0888,0.697,125.095,167200,4
191,4NQfrmGs9iQXVQI9IpRhjM,The Thrill Is Gone,B.B. King,63,1969-12-05,0.547,0.46,11,-8.759,0,0.344,0.442,0.0983,0.543,90.768,324733,4
192,5xLyTbCFONUGUuG0LtUxjn,"Girls, Girls, Girls",Mötley Crüe,70,1987,0.6,0.931,7,-4.647,1,0.0296,7.1e-05,0.392,0.542,140.123,270427,4
193,6Wn3pdFtAcnYJyJVITwt7N,Girls Got Rhythm,AC/DC,61,1979-07-27,0.512,0.979,4,-4.267,0,0.0513,0.00102,0.358,0.535,137.794,203293,4
194,4BVE5tIIpYabZcYCbephNW,Touch Me,The Doors,64,1969-07-21,0.425,0.903,1,-4.801,1,0.405,0.0128,0.117,0.769,108.748,190253,4
195,3sxIm3lTgdvXJdNHNn64BS,Stairway to Heaven - (Live at MSG 1973) [Remaster],Led Zeppelin,49,1976-10-22,0.269,0.765,7,-8.535,1,0.0444,0.0131,0.967,0.237,102.817,653027,4
196,1qRA5BS78u3gME0loMl9AA,For What It's Worth,Buffalo Springfield,75,1966-12-05,0.653,0.519,2,-10.164,1,0.406,0.0209,0.101,0.822,98.883,153693,4
197,3rzYUfyzdZW96cHXnGn1xI,What Difference Does It Make? - 2011 Remaster,The Smiths,54,1984-02-20,0.383,0.888,1,-6.503,0,0.000492,0.000174,0.0479,0.393,163.23,229867,4
198,7HKez549fwJQDzx3zLjHKC,Start Me Up - Remastered 2009,The Rolling Stones,76,1981-08-24,0.631,0.932,5,-4.142,1,0.0436,0.137,0.0918,0.971,122.429,213067,4
199,0PdM2a6oIjqepoEfcJo0RO,Pour Some Sugar On Me - Remastered 2017,Def Leppard,74,1987-08-03,0.267,0.953,1,-4.899,0,0.00211,0.0,0.283,0.568,84.989,267307,4
200,28cnXtME493VX9NOw9cIUh,Hurt,Johnny Cash,74,2002-01-01,0.534,0.392,9,-7.636,0,0.649,0.000227,0.0948,0.163,90.379,216533,4
201,3gHyNUxOEZq4VltRl2xUW4,The Breakup Song,The Greg Kihn Band,59,1981,0.703,0.895,9,-4.002,0,0.0367,6.61e-05,0.307,0.965,141.558,169693,4
202,43DeSV93pJPT4lCZaWZ6b1,The Boys Are Back In Town,Thin Lizzy,74,1976,0.445,0.706,8,-9.803,1,0.234,0.000252,0.205,0.768,80.823,266720,4
203,4es5wreov9D4Y4fXLGZkuB,Houses of the Holy - 1990 Remaster,Led Zeppelin,2,1975-02-24,0.629,0.864,9,-7.561,1,0.112,0.247,0.648,0.958,123.325,242080,4
204,2K22nUTdyr48JDwI5t906t,Relax,Frankie Goes To Hollywood,72,1984-10-20,0.676,0.695,11,-13.395,0,0.326,1.09e-05,0.0462,0.691,114.93,236800,4
205,2ewjgFhHDTE8BkV8kzpiX2,Dead Leaves and the Dirty Ground,The White Stripes,56,2001-07-03,0.305,0.628,9,-3.573,0,0.46,3.66e-05,0.0899,0.428,80.389,182168,4
206,5Yp3e8RcjYevBTZYJ7OD7s,Europa (Earth's Cry Heaven's Smile),Santana,57,2007-09-25,0.296,0.669,0,-5.364,0,0.03,0.831,0.154,0.679,74.692,305947,4
207,561F1zqRwGPCTMRsLsXVtL,Time in a Bottle,Jim Croce,67,1972-04-01,0.544,0.265,2,-11.952,1,0.848,0.0,0.196,0.7,133.837,146176,3
208,2zyRVV93ijUwH1SyrPcTRR,Hello Hooray,Alice Cooper,38,1973,0.328,0.497,0,-12.033,1,0.0218,0.00519,0.487,0.265,94.567,258600,4
209,5Z8EDau8uNcP1E8JvmfkZe,School's Out,Alice Cooper,67,1972,0.294,0.745,5,-9.138,1,0.05,0.125,0.676,0.347,134.364,210107,4
210,5D2eCwqbHcqOnfHOCM6TnV,No More Mr. Nice Guy,Alice Cooper,60,1973,0.498,0.515,11,-11.985,0,0.0936,0.0,0.1,0.616,127.761,187893,4
211,0X3d9gx7UDYgcwwkgTeNLR,Seasons in the Sun,Terry Jacks,55,1972,0.678,0.611,6,-8.306,1,0.777,0.0,0.175,0.821,98.949,209347,4
212,0INUNNYfsp4qr6kJdY46mY,Travelin' Band,Creedence Clearwater Revival,60,1970-07-25,0.513,0.92,6,-6.664,1,0.0166,0.0282,0.178,0.963,166.186,127493,4
213,4usCLaZPkOxZUwcbtfKivq,"In My Time of Dying - Live: O2 Arena, London - December 10, 2007",Led Zeppelin,35,2012-11-19,0.241,0.873,0,-10.27,1,5.41e-05,0.498,0.747,0.342,99.141,670787,4
214,0R6DtdfD9OFJvy7opGK4WG,Blue Orchid - Live,The White Stripes,29,2010-03-16,0.197,0.903,1,-4.746,1,0.0268,0.00113,0.652,0.162,169.909,175013,4
215,03sEzk1VyrUZSgyhoQR0LZ,Pneuma,TOOL,65,2019-08-30,0.415,0.53,9,-9.338,0,0.00209,0.75,0.11,0.0586,114.174,713192,1
216,20aASiwfsbiLlaJxLiC0PQ,Radar Love,Golden Earring,55,1973-01-01,0.503,0.468,1,-16.829,0,0.0256,0.00134,0.0842,0.215,102.451,385893,4
217,6EPRKhUOdiFSQwGBRBbvsZ,Ace of Spades,Motörhead,74,1980-11-08,0.329,0.974,3,-8.77,0,0.000852,0.000118,0.0904,0.234,140.862,166920,4
218,4jrzvkAc015w5LUP8gF3Dg,Mr. Big,Free,38,1970-06-26,0.459,0.404,9,-12.015,1,0.0423,0.032,0.12,0.742,79.286,356173,4
219,7hlA8gMMz6jSp91Twsnuv3,The Devil Wears a Suit and Tie,Colter Wall,68,2015-06-02,0.625,0.319,6,-12.119,0,0.79,0.104,0.0921,0.438,127.799,236027,4
220,36CKza28wMxYdjdzji7ine,I Started A Joke,Bee Gees,67,1968-08-11,0.31,0.464,7,-8.755,1,0.156,8.94e-06,0.132,0.431,144.775,188307,4
221,3ovjw5HZZv43SxTwApooCM,Wind Of Change,Scorpions,79,1990-01-01,0.452,0.524,0,-10.108,1,0.315,0.0,0.103,0.246,151.505,312360,4
222,0DnGfA1r8pAssJCuq4ojla,Still Got The Blues,Gary Moore,69,1990-01-01,0.189,0.39,9,-14.497,0,0.257,0.000152,0.122,0.32,169.563,370867,3
223,1Eolhana7nKHYpcYpdVcT5,Little Wing,Jimi Hendrix,70,1967-12-01,0.515,0.534,6,-8.045,1,0.181,0.00278,0.0547,0.426,70.776,145747,4
224,3QZ7uX97s82HFYSmQUAN1D,Tom Sawyer,Rush,71,1981-02-12,0.536,0.901,9,-7.211,1,0.00145,0.0186,0.06,0.666,87.559,276880,4
225,70gbuMqwNBE2Y5rkQJE9By,Going to California - Remaster,Led Zeppelin,69,1971-11-08,0.503,0.265,2,-15.913,1,0.943,0.045,0.0867,0.522,78.044,212161,4
226,3PeDt4Q8YIFDRph5UhxAaA,Going Down South,The Black Keys,51,2021-05-14,0.475,0.762,11,-7.452,0,0.0018,0.0493,0.285,0.619,113.682,228973,4
227,18PhtDBBYxE0vN4YvsZnMy,Scuttle Buttin',Stevie Ray Vaughan,48,1984,0.343,0.725,8,-10.506,1,5.6e-05,0.731,0.0667,0.864,79.853,111920,4
228,7z3aH1QV2zwMKXxShBNOGe,Le Freak,CHIC,50,1978,0.847,0.491,7,-15.707,1,0.0363,0.000687,0.186,0.875,119.873,210247,4
229,6ztstiyZL6FXzh4aG46ZPD,Boogie Wonderland,The Emotions,75,1979-06,0.802,0.756,2,-10.791,0,0.0843,0.00765,0.0521,0.963,131.715,288293,4
230,13v3siPyvy5TTEZYmGPPse,Give It To Me Baby,Rick James,64,1981-04-07,0.706,0.727,11,-8.714,1,0.114,7.7e-05,0.174,0.965,119.55,248133,4
231,7HKxTNVlkHsfMLhigmhC0I,Call Me,Blondie,67,2004-01-01,0.554,0.833,2,-6.667,0,0.000646,0.0025,0.0737,0.773,142.673,212227,4
232,0KQh7AuuZvpTKWhcJa8Pbr,Funkytown,Lipps Inc.,62,1996-04-04,0.895,0.453,0,-13.987,1,0.00196,0.374,0.0982,0.257,122.151,239227,4
233,1qiQduM84A0VeH8Y2uAbqi,That's the Way (I Like It) - 2004 Remaster,KC & The Sunshine Band,62,1975,0.68,0.877,5,-10.241,0,0.191,0.000656,0.349,0.922,108.674,185107,4
234,22ML0MuFKfw16WejbxsLOy,Heartbreaker,Pat Benatar,64,1979-01-01,0.466,0.588,5,-10.666,0,0.285,9.94e-06,0.0535,0.882,156.131,209360,4
235,0wXKgFHsUCUYARgxb7TFyC,Porterville,Creedence Clearwater Revival,48,1968-07-05,0.593,0.787,9,-5.937,1,0.256,0.0341,0.117,0.675,105.156,141747,4
236,6Rqn2GFlmvmV4w9Ala0I1e,Feeling Good,Nina Simone,74,1965-06-01,0.399,0.326,7,-9.239,0,0.864,0.0,0.191,0.546,79.206,174000,4
237,1KU5EHSz04JhGg3rReGJ0N,Black Velvet,Alannah Myles,71,1989-03-14,0.754,0.366,8,-10.07,1,0.273,9.04e-05,0.106,0.469,91.147,287440,4
238,5rfJ2Bq2PEL8yBjZLzouEu,Who Can It Be Now?,Men At Work,68,1981-11-09,0.805,0.479,4,-14.734,1,0.0627,0.000143,0.104,0.962,128.411,201293,4
239,2id8E4WvczfKHB4LHI7Np3,Edge of Seventeen,Stevie Nicks,71,2007-03-27,0.59,0.828,0,-6.28,1,0.277,5.57e-06,0.0868,0.636,111.353,329680,4
240,4OMu5a8sFpcRCPCcsoEaov,Babe I'm Gonna Leave You - 1990 Remaster,Led Zeppelin,63,1969-01-12,0.404,0.435,4,-12.045,0,0.246,0.00074,0.156,0.156,136.058,401067,4
241,2t3ezqieuK6RRav66q9bQF,The Humbling River,Puscifer,18,2009-11-10,0.558,0.326,4,-12.79,0,0.796,0.00735,0.125,0.0342,144.111,305520,4
242,18AXbzPzBS8Y3AkgSxzJPb,In The Air Tonight - 2015 Remastered,Phil Collins,77,1981-01-01,0.446,0.239,0,-13.945,1,0.551,4.1e-06,0.0697,0.298,189.507,336453,4
243,2PkOmx1S4XOwPU1Pgyaoig,Whatever You Want,Status Quo,42,2016-09-26,0.552,0.549,2,-11.396,1,0.853,0.00465,0.183,0.42,122.528,242000,4
244,5u5qlnyVaewWugJIjzilIc,Smokin',Boston,63,1976,0.197,0.796,2,-7.335,1,0.000541,0.417,0.187,0.522,175.02,261387,4
245,6LdxORCLRfmxxAsEc9K7MH,Good Times,CHIC,38,2005-03-15,0.87,0.657,2,-7.32,1,0.149,0.0102,0.053,0.893,110.596,495400,4
246,0f7VY69zhtS20Xm5PVYCm5,Doo Doo Doo Doo Doo (Heartbreaker),The Rolling Stones,54,1973-08-31,0.439,0.827,0,-4.593,1,0.0646,0.374,0.0844,0.54,111.297,206467,4
247,3koCCeSaVUyrRo3N2gHrd8,Let's Groove,"Earth, Wind & Fire",82,1981-11-14,0.869,0.648,11,-8.698,0,0.121,2.17e-05,0.126,0.9,125.035,339320,4
248,2374M0fQpWi3dLnB54qaLX,Africa,TOTO,82,1982-04-08,0.671,0.373,9,-18.064,1,0.257,8.01e-05,0.0481,0.732,92.718,295893,4
249,7j74lucZ59vqN67Ipe2ZcY,Maneater,Daryl Hall & John Oates,75,1982-10-04,0.724,0.498,11,-13.083,0,0.0405,8.56e-05,0.0761,0.823,88.825,273173,4
250,1BqnZOkYJbvYLOhN0qPJDm,Ma Baker,Boney M.,61,1977,0.746,0.76,2,-6.009,0,0.0342,2.18e-05,0.31,0.902,128.976,276080,4
251,2JoZzpdeP2G6Csfdq5aLXP,How Deep Is Your Love,Bee Gees,74,1979-01-01,0.633,0.357,5,-9.366,0,0.105,0.0,0.133,0.674,104.938,245200,4
252,0qemIQjSxcKyf42VPfZnfa,"Night Fever - From ""Saturday Night Fever"" Soundtrack",Bee Gees,73,2020-12-11,0.726,0.779,1,-7.057,0,0.0178,0.00178,0.104,0.841,109.133,212800,4
253,4v2rkl1mC3zVAz0nXMx9r4,Heart Of Glass,Blondie,63,1978-09-23,0.77,0.654,4,-6.108,1,0.0539,0.00047,0.0819,0.685,114.82,229423,4
254,44SYcVMbUwgSe8xx6qvzew,The Lemon Song - Remaster,Led Zeppelin,37,1969-10-22,0.409,0.545,2,-11.314,1,0.0581,0.00597,0.152,0.686,90.536,379389,4
255,01PnRJeFSeOgIpBuv1kQKd,Commotion,Creedence Clearwater Revival,51,1969-08-03,0.71,0.665,2,-7.632,1,0.053,0.0207,0.177,0.796,127.472,164293,4
256,3fqwjXwUGN6vbzIwvyFMhx,Tennessee Whiskey,Chris Stapleton,80,2015-05-04,0.392,0.37,9,-10.888,1,0.205,0.0096,0.0821,0.512,48.718,293293,4
257,4vpeKl0vMGdAXpZiQB2Dtd,White Rabbit,Jefferson Airplane,71,1967,0.551,0.293,2,-12.503,1,0.486,0.000273,0.0864,0.322,106.798,150640,4
258,54bm2e3tk8cliUz3VSdCPZ,Master of Puppets (Remastered),Metallica,67,1986-03-03,0.539,0.828,4,-9.108,0,0.00067,0.421,0.154,0.562,105.25,515387,4
259,4MYMykrz2e39HaVYutp24u,Politician,Cream,35,1968-07-01,0.48,0.569,1,-13.103,1,0.425,0.000162,0.278,0.612,73.339,251907,4
260,4qYHnP5AmKzXbJhciPV8si,Ain't No Love In The Heart Of The City - Single Version,"Bobby ""Blue"" Bland",60,1974-01-01,0.518,0.376,9,-18.248,0,0.933,0.86,0.0976,0.744,158.089,233560,4
261,0gGfmw4csswZmFPj9YK8GW,7empest,TOOL,58,2019-08-30,0.323,0.804,7,-7.397,1,7.35e-05,0.835,0.0957,0.384,144.756,943529,5
262,2gbPu2QNqhnnqtfK3yyeZ0,Jambi,TOOL,62,2006-04-28,0.475,0.831,9,-7.419,0,0.000145,0.854,0.346,0.521,110.42,448613,3
263,3bWGaqVeYKMlLss40mPgNn,"Hello, I Love You",The Doors,62,1968-07-03,0.597,0.554,11,-14.144,0,0.029,0.0,0.0766,0.963,117.835,133200,4
264,4KF1kzyeyPrgafyVm2UgQg,Nobody's Fault but Mine - Remaster,Led Zeppelin,43,2007,0.278,0.767,9,-9.454,1,0.0571,0.167,0.221,0.439,93.236,388787,4
265,7vYA9ET5AUqJt5pBbhKmcB,Don't Let Me Be Misunderstood,The Animals,57,1965-09-01,0.513,0.775,11,-5.136,0,0.0929,0.0,0.404,0.518,112.202,149360,4
266,6H3kDe7CGoWYBabAeVWGiD,Gimme Shelter,The Rolling Stones,75,1969-12-05,0.634,0.63,1,-8.277,0,0.447,0.039,0.17,0.489,118.628,270773,4
267,0cKk8BKEi7zXbdrYdyqBP5,Behind Blue Eyes,The Who,70,1971-08-14,0.394,0.622,4,-8.258,0,0.213,4.45e-05,0.0892,0.342,126.844,221427,4
268,1lATXTBJDHwawvT1UfxWu3,The Pot,TOOL,68,2006-04-28,0.469,0.79,7,-6.889,1,0.000148,0.372,0.282,0.466,107.45,381947,4
269,4uGIJG1jYFonGc4LGp5uQL,Somebody to Love,Jefferson Airplane,71,1967,0.504,0.578,4,-9.302,1,0.408,0.0,0.321,0.654,132.411,174840,4
270,7txxAtOMwLLnQTpKeBL6bp,Mother,Danzig,73,1988-01-01,0.365,0.763,11,-9.45,0,0.00726,0.000457,0.0865,0.342,148.366,204867,4
271,2cX2coZS1PYBfPs8wgbdWE,"More Than A Woman - From ""Saturday Night Fever"" Soundtrack",Bee Gees,79,2020-12-11,0.601,0.703,7,-6.24,1,0.175,8.4e-05,0.571,0.673,106.164,196213,4
272,0GRBFjza23Im7Xb16c9AaK,No Quarter - Remaster,Led Zeppelin,58,1973-03-28,0.33,0.342,11,-14.09,1,0.734,0.671,0.129,0.0795,142.95,422518,4
273,2xKDKtJBLDPd7BF3VmSQQO,Invincible,TOOL,60,2019-08-30,0.459,0.567,9,-9.133,0,0.00989,0.786,0.109,0.389,87.477,764457,1
274,6n6pNDA5p8SLTirQbjAf2A,All Your Love,Gary Moore,35,1990-01-01,0.434,0.579,9,-10.217,0,0.169,0.00537,0.166,0.741,128.949,221200,4
275,0LTSNmOLBt25GMjHlxp9OR,Folsom Prison Blues,Johnny Cash,59,1964-06-13,0.689,0.527,5,-9.934,1,0.194,0.0784,0.278,0.777,110.519,155640,4
